option,provider,gpu_class,price_low,price_high,unit,commitment,notes,data_residency,status,source,source_date
GPU rental (per hour),Vast.ai,RTX 3090 24GB,0.25,0.40,USD per hour,On-demand + interruptible,Cheapest name-your-price marketplace; interruptible instances can be preempted.,Provider-controlled - privacy assessment required,estimate - verify before use,Public marketplace listings (representative range),2026-08-31
GPU rental (per hour),Vast.ai,RTX 4090 24GB,0.40,0.65,USD per hour,On-demand,,Provider-controlled - privacy assessment required,estimate - verify before use,Public marketplace listings (representative range),2026-08-31
GPU rental (per hour),Vast.ai,A100 80GB,1.20,1.80,USD per hour,On-demand,Datacentre card class for frontier-comparable quality.,Provider-controlled - privacy assessment required,estimate - verify before use,Public marketplace listings (representative range),2026-08-31
GPU rental (per hour),RunPod,RTX 4090 24GB,0.50,0.70,USD per hour,On-demand + community/secure tiers,Secure tier costs more; community tier cheaper.,Provider-controlled - privacy assessment required,estimate - verify before use,Public pricing pages (representative),2026-08-31
GPU rental (per hour),Lambda,A100 80GB,1.29,1.29,USD per hour,On-demand,Clean flat pricing.,Provider-controlled - privacy assessment required,estimate - verify before use,Public pricing pages (representative),2026-08-31
GPU rental (per hour),Lambda / hyperscalers,H100 80GB,2.00,3.50,USD per hour,On-demand,The frontier-comparable card. Hyperscaler list prices sit at the top of the band.,Provider-controlled - privacy assessment required,estimate - verify before use,Public pricing pages (representative),2026-08-31
Reserved GPU (monthly),Vast.ai / RunPod,RTX 4090 24GB,300,600,USD per month,Monthly reserved,Discount for commitment. Compare against owning the same card outright + electricity - this is the rent-vs-own comparison in its purest form.,Provider-controlled - privacy assessment required,estimate - verify before use,Public pricing pages (representative),2026-08-31
Reserved GPU (monthly),Cloud providers,A100 80GB,1000,1600,USD per month,1-3 yr reserved,Reserved-instance style pricing.,Provider-controlled - privacy assessment required,estimate - verify before use,Public pricing pages (representative),2026-08-31
GPU VPS (monthly),Assorted providers,RTX 4090 24GB dedicated,450,800,USD per month,Monthly,Bare virtual server with dedicated GPU. You administer the inference stack yourself - add administration time to be comparable with owning.,Provider-controlled - privacy assessment required,estimate - verify before use,Public pricing pages (representative),2026-08-31
Egress + misc fees,all providers,,0,120,USD per month,,Data egress, storage and snapshot fees are small but nonzero; include as a parameter.,n/a,estimate - verify before use,Public pricing pages (representative),2026-08-31
