card,vendor,class,architecture,release_year,vram_gb,memory_bandwidth_gb_s,tensor_cores,power_draw_w_nameplate,cost_bracket,cost_usd_low,cost_usd_mid,cost_usd_high,cost_aud_low,cost_aud_mid,cost_aud_high,llama_3_1_8b_q4_tps,llama_3_1_13b_q4_tps,qwen_2_5_7b_q4_tps,mmlu_score_best_fit_q4,availability_status,sourcing_note,status,source,source_date
GTX 950,nvidia,consumer,maxwell,2015,2,105,no,90,$,25,45.0,65,38.5,69.3,100.1,,,,25,active,"Secondhand only. Thin supply, erratic pricing, patience required — watch eBay / Gumtree / Marketplace for weeks. Prices do not include postage.",sourced,picker.locobench.org (published selection guide),2026-04-18
GTX 960 4 GB,nvidia,consumer,maxwell,2015,4,112,no,120,$,25,45.0,65,38.5,69.3,100.1,,,9,65,active,"Secondhand only. Thin supply, erratic pricing, patience required — watch eBay / Gumtree / Marketplace for weeks. Prices do not include postage.",sourced,picker.locobench.org (published selection guide),2026-04-18
GTX 1050 Ti,nvidia,consumer,pascal,2016,4,112,no,75,$,25,45.0,65,38.5,69.3,100.1,,,12,67,active,"Secondhand only. Thin supply, erratic pricing, patience required — watch eBay / Gumtree / Marketplace for weeks. Prices do not include postage.",sourced,picker.locobench.org (published selection guide),2026-04-18
GTX 1060 3 GB,nvidia,consumer,pascal,2016,3,192,no,120,$,25,45.0,65,38.5,69.3,100.1,,,,55,active,"Secondhand only. Thin supply, erratic pricing, patience required — watch eBay / Gumtree / Marketplace for weeks. Prices do not include postage.",sourced,picker.locobench.org (published selection guide),2026-04-18
GTX 980 Ti,nvidia,consumer,maxwell,2015,6,336,no,250,$$,65,115.0,165,100.1,177.1,254.1,30,,33,68,active,Secondhand. Usually available within a few weeks of watching. Prices do not include postage.,sourced,picker.locobench.org (published selection guide),2026-04-18
GTX Titan X (Maxwell),nvidia,consumer,maxwell,2015,12,336,no,250,$$,65,115.0,165,100.1,177.1,254.1,30,17,33,70,active,Secondhand. Usually available within a few weeks of watching. Prices do not include postage.,sourced,picker.locobench.org (published selection guide),2026-04-18
GTX 1060 6 GB,nvidia,consumer,pascal,2016,6,192,no,120,$,25,45.0,65,38.5,69.3,100.1,18,,20,64,active,"Secondhand only. Thin supply, erratic pricing, patience required — watch eBay / Gumtree / Marketplace for weeks. Prices do not include postage.",sourced,picker.locobench.org (published selection guide),2026-04-18
GTX 1080 Ti,nvidia,consumer,pascal,2017,11,484,no,250,$$,65,115.0,165,100.1,177.1,254.1,55,32,60,68,active,Secondhand. Usually available within a few weeks of watching. Prices do not include postage.,sourced,picker.locobench.org (published selection guide),2026-04-18
RTX 2060 Super,nvidia,consumer,turing,2019,8,448,yes,175,$$,65,115.0,165,100.1,177.1,254.1,62,,68,68,active,Secondhand. Usually available within a few weeks of watching. Prices do not include postage.,sourced,picker.locobench.org (published selection guide),2026-04-18
RTX 3050 8 GB,nvidia,consumer,ampere,2022,8,224,yes,130,$$,65,115.0,165,100.1,177.1,254.1,32,,35,68,active,Secondhand. Usually available within a few weeks of watching. Prices do not include postage.,sourced,picker.locobench.org (published selection guide),2026-04-18
RTX 3060 12 GB,nvidia,consumer,ampere,2021,12,360,yes,170,$$,65,115.0,165,100.1,177.1,254.1,42,24,46,70,active,Secondhand. Usually available within a few weeks of watching. Prices do not include postage.,sourced,picker.locobench.org (published selection guide),2026-04-18
RTX 3070 Ti,nvidia,consumer,ampere,2021,8,608,yes,290,$$$,165,247.5,330,254.1,381.15,508.2,78,,86,68,active,Mix of secondhand and newer budget cards. Secondhand postage excluded.,sourced,picker.locobench.org (published selection guide),2026-04-18
RTX 3080 12 GB,nvidia,consumer,ampere,2022,12,912,yes,350,$$$$,330,497.5,665,508.2,766.15,1024.1,115,67,125,71,active,Near-new or current-gen mid-range. Secondhand postage excluded.,sourced,picker.locobench.org (published selection guide),2026-04-18
RTX 3090,nvidia,consumer,ampere,2020,24,936,yes,350,$$$$,330,497.5,665,508.2,766.15,1024.1,135,82,145,78,active,Near-new or current-gen mid-range. Secondhand postage excluded.,sourced,picker.locobench.org (published selection guide),2026-04-18
RTX 4060 Ti 16 GB,nvidia,consumer,ada_lovelace,2023,16,288,yes,165,$$$,165,247.5,330,254.1,381.15,508.2,40,23,44,71,active,Mix of secondhand and newer budget cards. Secondhand postage excluded.,sourced,picker.locobench.org (published selection guide),2026-04-18
RTX 4070 Super,nvidia,consumer,ada_lovelace,2024,12,504,yes,220,$$$$,330,497.5,665,508.2,766.15,1024.1,88,52,95,71,active,Near-new or current-gen mid-range. Secondhand postage excluded.,sourced,picker.locobench.org (published selection guide),2026-04-18
RTX 4090,nvidia,consumer,ada_lovelace,2022,24,1008,yes,450,$$$$$,665,931.0,,1024.1,1433.74,,165,95,180,78,active,New pricing for current-gen flagships.,sourced,picker.locobench.org (published selection guide),2026-04-18
RTX 5080,nvidia,consumer,blackwell,2025,16,960,yes,360,$$$$$,665,931.0,,1024.1,1433.74,,145,85,160,71,active,New pricing for current-gen flagships.,sourced,picker.locobench.org (published selection guide),2026-04-18
RTX 5090,nvidia,consumer,blackwell,2025,32,1792,yes,575,$$$$$,665,931.0,,1024.1,1433.74,,240,145,260,82,active,New pricing for current-gen flagships.,sourced,picker.locobench.org (published selection guide),2026-04-18
Tesla M40 24 GB,nvidia,server,maxwell,2015,24,288,no,250,$,25,45.0,65,38.5,69.3,100.1,12,8,13,78,active,"Secondhand only. Thin supply, erratic pricing, patience required — watch eBay / Gumtree / Marketplace for weeks. Prices do not include postage.",sourced,picker.locobench.org (published selection guide),2026-04-18
Tesla P40 24 GB,nvidia,server,pascal,2016,24,346,no,250,$$,65,115.0,165,100.1,177.1,254.1,38,22,42,78,active,Secondhand. Usually available within a few weeks of watching. Prices do not include postage.,sourced,picker.locobench.org (published selection guide),2026-04-18
Tesla P100 16 GB,nvidia,server,pascal,2016,16,732,no,250,$$,65,115.0,165,100.1,177.1,254.1,85,51,93,71,active,Secondhand. Usually available within a few weeks of watching. Prices do not include postage.,sourced,picker.locobench.org (published selection guide),2026-04-18
Tesla V100 16 GB,nvidia,server,volta,2017,16,900,yes,250,$$$,165,247.5,330,254.1,381.15,508.2,110,65,120,71,active,Mix of secondhand and newer budget cards. Secondhand postage excluded.,sourced,picker.locobench.org (published selection guide),2026-04-18
Tesla V100 32 GB,nvidia,server,volta,2018,32,900,yes,300,$$$$,330,497.5,665,508.2,766.15,1024.1,115,68,125,82,active,Near-new or current-gen mid-range. Secondhand postage excluded.,sourced,picker.locobench.org (published selection guide),2026-04-18
