card,power_draw_w_nameplate,est_inference_w_low,est_inference_w_mid,est_inference_w_high,est_idle_w,benchmark_used,tokens_per_sec,wh_per_1000_tokens_mid,indicative_energy_cost_aud_per_1m_tokens,method,status,source,source_date
GTX 960 4 GB,120,54,72,90,12,qwen_2_5_7b_q4 (tokens/sec),9,2.222,0.778,inference = TDP x 0.60 mid (0.45 low / 0.75 high band); idle = card-only estimate by generation; Wh/1k tokens = mid W / (3.6 x tokens_per_sec); indicative cost at AUD 0.35/kWh reference tariff,estimated,derived from picker TDP + tokens/sec by LocoLabo,2026-08-31
GTX 1050 Ti,75,34,45,56,12,qwen_2_5_7b_q4 (tokens/sec),12,1.042,0.365,inference = TDP x 0.60 mid (0.45 low / 0.75 high band); idle = card-only estimate by generation; Wh/1k tokens = mid W / (3.6 x tokens_per_sec); indicative cost at AUD 0.35/kWh reference tariff,estimated,derived from picker TDP + tokens/sec by LocoLabo,2026-08-31
GTX 980 Ti,250,112,150,188,12,llama_3_1_8b_q4 (tokens/sec),30,1.389,0.486,inference = TDP x 0.60 mid (0.45 low / 0.75 high band); idle = card-only estimate by generation; Wh/1k tokens = mid W / (3.6 x tokens_per_sec); indicative cost at AUD 0.35/kWh reference tariff,estimated,derived from picker TDP + tokens/sec by LocoLabo,2026-08-31
GTX Titan X (Maxwell),250,112,150,188,12,llama_3_1_8b_q4 (tokens/sec),30,1.389,0.486,inference = TDP x 0.60 mid (0.45 low / 0.75 high band); idle = card-only estimate by generation; Wh/1k tokens = mid W / (3.6 x tokens_per_sec); indicative cost at AUD 0.35/kWh reference tariff,estimated,derived from picker TDP + tokens/sec by LocoLabo,2026-08-31
GTX 1060 6 GB,120,54,72,90,12,llama_3_1_8b_q4 (tokens/sec),18,1.111,0.389,inference = TDP x 0.60 mid (0.45 low / 0.75 high band); idle = card-only estimate by generation; Wh/1k tokens = mid W / (3.6 x tokens_per_sec); indicative cost at AUD 0.35/kWh reference tariff,estimated,derived from picker TDP + tokens/sec by LocoLabo,2026-08-31
GTX 1080 Ti,250,112,150,188,12,llama_3_1_8b_q4 (tokens/sec),55,0.758,0.265,inference = TDP x 0.60 mid (0.45 low / 0.75 high band); idle = card-only estimate by generation; Wh/1k tokens = mid W / (3.6 x tokens_per_sec); indicative cost at AUD 0.35/kWh reference tariff,estimated,derived from picker TDP + tokens/sec by LocoLabo,2026-08-31
RTX 2060 Super,175,79,105,131,15,llama_3_1_8b_q4 (tokens/sec),62,0.47,0.164,inference = TDP x 0.60 mid (0.45 low / 0.75 high band); idle = card-only estimate by generation; Wh/1k tokens = mid W / (3.6 x tokens_per_sec); indicative cost at AUD 0.35/kWh reference tariff,estimated,derived from picker TDP + tokens/sec by LocoLabo,2026-08-31
RTX 3050 8 GB,130,58,78,98,18,llama_3_1_8b_q4 (tokens/sec),32,0.677,0.237,inference = TDP x 0.60 mid (0.45 low / 0.75 high band); idle = card-only estimate by generation; Wh/1k tokens = mid W / (3.6 x tokens_per_sec); indicative cost at AUD 0.35/kWh reference tariff,estimated,derived from picker TDP + tokens/sec by LocoLabo,2026-08-31
RTX 3060 12 GB,170,76,102,128,18,llama_3_1_8b_q4 (tokens/sec),42,0.675,0.236,inference = TDP x 0.60 mid (0.45 low / 0.75 high band); idle = card-only estimate by generation; Wh/1k tokens = mid W / (3.6 x tokens_per_sec); indicative cost at AUD 0.35/kWh reference tariff,estimated,derived from picker TDP + tokens/sec by LocoLabo,2026-08-31
RTX 3070 Ti,290,130,174,218,18,llama_3_1_8b_q4 (tokens/sec),78,0.62,0.217,inference = TDP x 0.60 mid (0.45 low / 0.75 high band); idle = card-only estimate by generation; Wh/1k tokens = mid W / (3.6 x tokens_per_sec); indicative cost at AUD 0.35/kWh reference tariff,estimated,derived from picker TDP + tokens/sec by LocoLabo,2026-08-31
RTX 3080 12 GB,350,158,210,262,18,llama_3_1_8b_q4 (tokens/sec),115,0.507,0.177,inference = TDP x 0.60 mid (0.45 low / 0.75 high band); idle = card-only estimate by generation; Wh/1k tokens = mid W / (3.6 x tokens_per_sec); indicative cost at AUD 0.35/kWh reference tariff,estimated,derived from picker TDP + tokens/sec by LocoLabo,2026-08-31
RTX 3090,350,158,210,262,18,llama_3_1_8b_q4 (tokens/sec),135,0.432,0.151,inference = TDP x 0.60 mid (0.45 low / 0.75 high band); idle = card-only estimate by generation; Wh/1k tokens = mid W / (3.6 x tokens_per_sec); indicative cost at AUD 0.35/kWh reference tariff,estimated,derived from picker TDP + tokens/sec by LocoLabo,2026-08-31
RTX 4060 Ti 16 GB,165,74,99,124,20,llama_3_1_8b_q4 (tokens/sec),40,0.688,0.241,inference = TDP x 0.60 mid (0.45 low / 0.75 high band); idle = card-only estimate by generation; Wh/1k tokens = mid W / (3.6 x tokens_per_sec); indicative cost at AUD 0.35/kWh reference tariff,estimated,derived from picker TDP + tokens/sec by LocoLabo,2026-08-31
RTX 4070 Super,220,99,132,165,20,llama_3_1_8b_q4 (tokens/sec),88,0.417,0.146,inference = TDP x 0.60 mid (0.45 low / 0.75 high band); idle = card-only estimate by generation; Wh/1k tokens = mid W / (3.6 x tokens_per_sec); indicative cost at AUD 0.35/kWh reference tariff,estimated,derived from picker TDP + tokens/sec by LocoLabo,2026-08-31
RTX 4090,450,202,270,338,20,llama_3_1_8b_q4 (tokens/sec),165,0.455,0.159,inference = TDP x 0.60 mid (0.45 low / 0.75 high band); idle = card-only estimate by generation; Wh/1k tokens = mid W / (3.6 x tokens_per_sec); indicative cost at AUD 0.35/kWh reference tariff,estimated,derived from picker TDP + tokens/sec by LocoLabo,2026-08-31
RTX 5080,360,162,216,270,22,llama_3_1_8b_q4 (tokens/sec),145,0.414,0.145,inference = TDP x 0.60 mid (0.45 low / 0.75 high band); idle = card-only estimate by generation; Wh/1k tokens = mid W / (3.6 x tokens_per_sec); indicative cost at AUD 0.35/kWh reference tariff,estimated,derived from picker TDP + tokens/sec by LocoLabo,2026-08-31
RTX 5090,575,259,345,431,22,llama_3_1_8b_q4 (tokens/sec),240,0.399,0.14,inference = TDP x 0.60 mid (0.45 low / 0.75 high band); idle = card-only estimate by generation; Wh/1k tokens = mid W / (3.6 x tokens_per_sec); indicative cost at AUD 0.35/kWh reference tariff,estimated,derived from picker TDP + tokens/sec by LocoLabo,2026-08-31
Tesla M40 24 GB,250,112,150,188,12,llama_3_1_8b_q4 (tokens/sec),12,3.472,1.215,inference = TDP x 0.60 mid (0.45 low / 0.75 high band); idle = card-only estimate by generation; Wh/1k tokens = mid W / (3.6 x tokens_per_sec); indicative cost at AUD 0.35/kWh reference tariff,estimated,derived from picker TDP + tokens/sec by LocoLabo,2026-08-31
Tesla P40 24 GB,250,112,150,188,12,llama_3_1_8b_q4 (tokens/sec),38,1.096,0.384,inference = TDP x 0.60 mid (0.45 low / 0.75 high band); idle = card-only estimate by generation; Wh/1k tokens = mid W / (3.6 x tokens_per_sec); indicative cost at AUD 0.35/kWh reference tariff,estimated,derived from picker TDP + tokens/sec by LocoLabo,2026-08-31
Tesla P100 16 GB,250,112,150,188,12,llama_3_1_8b_q4 (tokens/sec),85,0.49,0.171,inference = TDP x 0.60 mid (0.45 low / 0.75 high band); idle = card-only estimate by generation; Wh/1k tokens = mid W / (3.6 x tokens_per_sec); indicative cost at AUD 0.35/kWh reference tariff,estimated,derived from picker TDP + tokens/sec by LocoLabo,2026-08-31
Tesla V100 16 GB,250,112,150,188,16,llama_3_1_8b_q4 (tokens/sec),110,0.379,0.133,inference = TDP x 0.60 mid (0.45 low / 0.75 high band); idle = card-only estimate by generation; Wh/1k tokens = mid W / (3.6 x tokens_per_sec); indicative cost at AUD 0.35/kWh reference tariff,estimated,derived from picker TDP + tokens/sec by LocoLabo,2026-08-31
Tesla V100 32 GB,300,135,180,225,16,llama_3_1_8b_q4 (tokens/sec),115,0.435,0.152,inference = TDP x 0.60 mid (0.45 low / 0.75 high band); idle = card-only estimate by generation; Wh/1k tokens = mid W / (3.6 x tokens_per_sec); indicative cost at AUD 0.35/kWh reference tariff,estimated,derived from picker TDP + tokens/sec by LocoLabo,2026-08-31
